update_id,week,date,program,project,milestone,author,role,team,update_text,signal_truth,severity_truth
U0001,1,2026-03-16,Careem Pay,Wallet Top-up & Cards,GA across UAE (Jun 30),R. Sethi,Product Manager,Payments,Demo of the bank top-up endpoint to stakeholders went well; positive feedback. Tracking to plan.,on_track,low
U0002,1,2026-03-16,Careem Pay,Wallet Top-up & Cards,GA across UAE (Jun 30),A. Khalil,Eng Lead,Payments,We're seeing flaky test failures around the refunds flow that we can't reproduce locally. Worried it masks a deeper issue before GA across UAE (Jun 30).,risk,medium
U0006,1,2026-03-16,Rides,Captain App 4.0,Public rollout (Jul 7),J. Park,Mobile Eng,Captain,Good week. the navigation shell is feature-complete and we even cleared some tech debt. Confident on Public rollout (Jul 7).,on_track,low
U0016,1,2026-03-16,Trust & Safety,PCI-DSS Compliance (Careem Pay),Audit window (Jun 25),E. Ramirez,GRC Analyst,Security & Compliance,Scope for the network-segmentation controls grew after the stakeholder review — three new requirements added. Risk of overrunning Audit window (Jun 25).,risk,medium
U0004,1,2026-03-17,Rides,Captain App 4.0,Public rollout (Jul 7),S. Rahman,Eng Lead,Captain,Good week. the offline mode is feature-complete and we even cleared some tech debt. Confident on Public rollout (Jul 7).,on_track,low
U0008,1,2026-03-17,Rides,Surge Pricing Engine v2,Eid readiness (Jun 20),K. Aziz,ML Eng,Rides,"Heads up: the engineer who owns the zone heatmap is out on leave for 1 weeks. Bus-factor risk, no clear backup right now.",risk,high
U0012,1,2026-03-17,Quik,15-min Grocery Fulfilment,Dark-store launch (Jun 27),W. Achebe,QA Lead,Quality,Reminder that the dark-store routing can't ship without production access sign-off from Security & Compliance — flagging so the dependency is visible at the program level.,dependency,medium
U0019,1,2026-03-17,Captain Experience,Captain Earnings & Payouts,v1 (Jun 16),W. Achebe,QA Lead,Quality,"Sprint goals met — the payout-matching job merged and deployed to staging, no issues. v1 (Jun 16) still on track.",on_track,low
U0020,1,2026-03-17,Growth & Subscriptions,Careem Plus Revamp,Campaign go-live (Jun 9),W. Achebe,QA Lead,Quality,"the subscription engine depends on the Careem Pay API contract from Payments, which has now slipped to an unknown date. Coordinating revised timelines.",dependency,medium
U0003,1,2026-03-18,Careem Pay,Send & Request Money,KSA launch (Jun 12),R. Sethi,Product Manager,Payments,Reminder that the P2P transfer flow can't ship without the routing & ETA service from Maps — flagging so the dependency is visible at the program level.,dependency,medium
U0007,1,2026-03-18,Rides,Surge Pricing Engine v2,Eid readiness (Jun 20),T. Okeke,Data Eng Lead,Rides,"the price-cap rules depends on the routing & ETA service from Maps, which has now slipped to the following sprint. Coordinating revised timelines.",dependency,medium
U0013,1,2026-03-18,Platform & Infrastructure,Super-App Kubernetes Migration,Prod migration (Jul 1),N. Yusuf,SRE,Cloud Infra,"All green on the secrets-management setup. Code review done, automated tests passing at 98% coverage.",on_track,low
U0011,1,2026-03-19,Careem Food,Live Order Tracking,v2 ship (Jun 16),Y. Fontaine,Program Manager,PMO,Demo of the courier GPS pipeline to stakeholders went well; positive feedback. Tracking to plan.,on_track,low
U0014,1,2026-03-19,Platform & Infrastructure,API Gateway Consolidation,Cutover (Jun 18),D. Costa,Platform Eng Lead,Cloud Infra,BLOCKED on the legacy-route shim: still waiting on Payments for the Careem Pay API contract. We cannot proceed until this lands — escalating to the PMO.,blocker,high
U0005,1,2026-03-20,Rides,Captain App 4.0,Public rollout (Jul 7),J. Park,Mobile Eng,Captain,Critical blocker on the earnings dashboard — a data-migration step is corrupting records and we've had to halt the rollout entirely.,blocker,critical
U0009,1,2026-03-20,Careem Food,Restaurant Onboarding Portal,GA (Jun 23),C. Nakamura,Eng Lead,Food,"Sprint goals met — the commission-setup screen merged and deployed to staging, no issues. GA (Jun 23) still on track.",on_track,low
U0010,1,2026-03-20,Careem Food,Restaurant Onboarding Portal,GA (Jun 23),G. Oyelaran,Product Manager,Food,"Heads up: the engineer who owns the document-verification step is out on leave for 2 weeks. Bus-factor risk, no clear backup right now.",risk,high
U0015,1,2026-03-20,Trust & Safety,PCI-DSS Compliance (Careem Pay),Audit window (Jun 25),P. Haddadin,Security Lead,Security & Compliance,"the incident-response runbook depends on the routing & ETA service from Maps, which has now slipped to late June. Coordinating revised timelines.",dependency,medium
U0017,1,2026-03-20,Captain Experience,Captain Earnings & Payouts,v1 (Jun 16),W. Achebe,QA Lead,Quality,"the instant-cashout flow depends on the routing & ETA service from Maps, which has now slipped to the following sprint. Coordinating revised timelines.",dependency,medium
U0018,1,2026-03-20,Captain Experience,Captain Earnings & Payouts,v1 (Jun 16),Z. Farouk,Program Manager,PMO,"Wrapped the earnings ledger ahead of schedule. QA sign-off received, nothing outstanding.",on_track,low
U0024,2,2026-03-23,Careem Pay,Send & Request Money,KSA launch (Jun 12),R. Sethi,Product Manager,Payments,"Sprint goals met — the IBAN-linking step merged and deployed to staging, no issues. KSA launch (Jun 12) still on track.",on_track,low
U0027,2,2026-03-23,Careem Food,Restaurant Onboarding Portal,GA (Jun 23),W. Achebe,QA Lead,Quality,Reminder that the commission-setup screen can't ship without the provisioned staging cluster from Cloud Infra — flagging so the dependency is visible at the program level.,dependency,medium
U0030,2,2026-03-23,Platform & Infrastructure,Super-App Kubernetes Migration,Prod migration (Jul 1),W. Achebe,QA Lead,Quality,Estimate for the service-mesh config was optimistic. Realistically I think we're trending behind on Prod migration (Jul 1) — flagging early.,risk,high
U0033,2,2026-03-23,Platform & Infrastructure,API Gateway Consolidation,Cutover (Jun 18),D. Costa,Platform Eng Lead,Cloud Infra,Demo of the legacy-route shim to stakeholders went well; positive feedback. Tracking to plan.,on_track,low
U0034,2,2026-03-23,Trust & Safety,PCI-DSS Compliance (Careem Pay),Audit window (Jun 25),P. Haddadin,Security Lead,Security & Compliance,"Slightly concerned about Audit window (Jun 25) — the network-segmentation controls is taking longer than estimated, could slip ~1 week(s) if the current pace holds.",risk,medium
U0038,2,2026-03-23,Growth & Subscriptions,Careem Plus Revamp,Campaign go-live (Jun 9),V. Ibrahim,Growth PM,Growth,Good week. the billing integration is feature-complete and we even cleared some tech debt. Confident on Campaign go-live (Jun 9).,on_track,low
U0026,2,2026-03-24,Rides,Surge Pricing Engine v2,Eid readiness (Jun 20),Y. Fontaine,Program Manager,PMO,Demo of the surge-notification service to stakeholders went well; positive feedback. Tracking to plan.,on_track,low
U0022,2,2026-03-25,Careem Pay,Wallet Top-up & Cards,GA across UAE (Jun 30),R. Sethi,Product Manager,Payments,Scope for the Emirates ID / KYC flow grew after the stakeholder review — three new requirements added. Risk of overrunning GA across UAE (Jun 30).,risk,medium
U0025,2,2026-03-26,Rides,Captain App 4.0,Public rollout (Jul 7),L. Mansour,Product Manager,Captain,We're seeing flaky test failures around the earnings dashboard that we can't reproduce locally. Worried it masks a deeper issue before Public rollout (Jul 7).,risk,medium
U0028,2,2026-03-26,Careem Food,Live Order Tracking,v2 ship (Jun 16),G. Oyelaran,Product Manager,Food,Demo of the courier GPS pipeline to stakeholders went well; positive feedback. Tracking to plan.,on_track,low
U0029,2,2026-03-26,Quik,15-min Grocery Fulfilment,Dark-store launch (Jun 27),W. Achebe,QA Lead,Quality,Demo of the item-substitution logic to stakeholders went well; positive feedback. Tracking to plan.,on_track,low
U0031,2,2026-03-26,Platform & Infrastructure,Super-App Kubernetes Migration,Prod migration (Jul 1),D. Costa,Platform Eng Lead,Cloud Infra,"Heads up: the engineer who owns the autoscaling policies is out on leave for 1 weeks. Bus-factor risk, no clear backup right now.",risk,high
U0032,2,2026-03-26,Platform & Infrastructure,Super-App Kubernetes Migration,Prod migration (Jul 1),W. Achebe,QA Lead,Quality,"Slightly concerned about Prod migration (Jul 1) — the autoscaling policies is taking longer than estimated, could slip ~2 week(s) if the current pace holds.",risk,medium
U0035,2,2026-03-26,Trust & Safety,PCI-DSS Compliance (Careem Pay),Audit window (Jun 25),P. Haddadin,Security Lead,Security & Compliance,We are stuck on the cardholder-data scoping. The upstream the Careem Pay API contract from Payments never arrived and our work is fully serialized behind it.,blocker,high
U0037,2,2026-03-26,Growth & Subscriptions,Careem Plus Revamp,Campaign go-live (Jun 9),O. Lindgren,Eng Lead,Growth,Estimate for the benefits catalog was optimistic. Realistically I think we're trending behind on Campaign go-live (Jun 9) — flagging early.,risk,high
U0021,2,2026-03-27,Careem Pay,Wallet Top-up & Cards,GA across UAE (Jun 30),A. Khalil,Eng Lead,Payments,We are stuck on the Emirates ID / KYC flow. The upstream the routing & ETA service from Maps never arrived and our work is fully serialized behind it.,blocker,high
U0023,2,2026-03-27,Careem Pay,Send & Request Money,KSA launch (Jun 12),R. Sethi,Product Manager,Payments,"the P2P transfer flow depends on production access sign-off from Security & Compliance, which has now slipped to the following sprint. Coordinating revised timelines.",dependency,medium
U0036,2,2026-03-27,Captain Experience,Captain Earnings & Payouts,v1 (Jun 16),L. Mansour,Product Manager,Captain,"the earnings ledger depends on the routing & ETA service from Maps, which has now slipped to next week. Coordinating revised timelines.",dependency,medium
U0043,3,2026-03-30,Rides,Captain App 4.0,Public rollout (Jul 7),S. Rahman,Eng Lead,Captain,"All green on the earnings dashboard. Code review done, automated tests passing at 98% coverage.",on_track,low
U0046,3,2026-03-30,Careem Food,Restaurant Onboarding Portal,GA (Jun 23),F. El-Sayed,Fullstack Eng,Food,"Load testing on the document-verification step is showing latency spikes under peak traffic. Not blocked yet, but this is a real risk to GA (Jun 23).",risk,high
U0052,3,2026-03-30,Platform & Infrastructure,Super-App Kubernetes Migration,Prod migration (Jul 1),N. Yusuf,SRE,Cloud Infra,Estimate for the secrets-management setup was optimistic. Realistically I think we're trending behind on Prod migration (Jul 1) — flagging early.,risk,high
U0054,3,2026-03-30,Trust & Safety,PCI-DSS Compliance (Careem Pay),Audit window (Jun 25),E. Ramirez,GRC Analyst,Security & Compliance,"Waiting on Cloud Infra to finalize the provisioned staging cluster before we can wire up the cardholder-data scoping. Not blocked today, but it's on the critical path.",dependency,high
U0044,3,2026-03-31,Rides,Surge Pricing Engine v2,Eid readiness (Jun 20),K. Aziz,ML Eng,Rides,Cross-team dependency: Eid readiness (Jun 20) needs the Careem Pay API contract from Payments before we can integrate. Tracking their ETA.,dependency,medium
U0045,3,2026-03-31,Rides,Surge Pricing Engine v2,Eid readiness (Jun 20),T. Okeke,Data Eng Lead,Rides,"All green on the surge-notification service. Code review done, automated tests passing at 98% coverage.",on_track,low
U0050,3,2026-03-31,Careem Food,Live Order Tracking,v2 ship (Jun 16),W. Achebe,QA Lead,Quality,Good week. the courier GPS pipeline is feature-complete and we even cleared some tech debt. Confident on v2 ship (Jun 16).,on_track,low
U0039,3,2026-04-01,Careem Pay,Wallet Top-up & Cards,GA across UAE (Jun 30),A. Khalil,Eng Lead,Payments,"Hard blocker — the Emirates ID / KYC vendor sandbox has been down for 4 days, so the tokenization service integration is completely untestable. GA across UAE (Jun 30) at risk.",blocker,critical
U0040,3,2026-04-01,Careem Pay,Wallet Top-up & Cards,GA across UAE (Jun 30),R. Sethi,Product Manager,Payments,"Hard blocker — the card-network sandbox sandbox has been down for 4 days, so the Emirates ID / KYC flow integration is completely untestable. GA across UAE (Jun 30) at risk.",blocker,critical
U0041,3,2026-04-01,Careem Pay,Send & Request Money,KSA launch (Jun 12),A. Khalil,Eng Lead,Payments,"Blocked: legal has not signed off on the the bank settlement partner contract, so we can't even start the the P2P transfer flow integration. Slipping KSA launch (Jun 12).",blocker,critical
U0049,3,2026-04-01,Careem Food,Live Order Tracking,v2 ship (Jun 16),Z. Farouk,Program Manager,PMO,Good week. the push-notification service is feature-complete and we even cleared some tech debt. Confident on v2 ship (Jun 16).,on_track,low
U0053,3,2026-04-01,Platform & Infrastructure,API Gateway Consolidation,Cutover (Jun 18),N. Yusuf,SRE,Cloud Infra,Scope for the auth middleware grew after the stakeholder review — three new requirements added. Risk of overrunning Cutover (Jun 18).,risk,medium
U0056,3,2026-04-01,Captain Experience,Captain Earnings & Payouts,v1 (Jun 16),L. Mansour,Product Manager,Captain,Reminder that the instant-cashout flow can't ship without the routing & ETA service from Maps — flagging so the dependency is visible at the program level.,dependency,medium
U0048,3,2026-04-02,Careem Food,Live Order Tracking,v2 ship (Jun 16),W. Achebe,QA Lead,Quality,Demo of the ETA model to stakeholders went well; positive feedback. Tracking to plan.,on_track,low
U0051,3,2026-04-02,Quik,15-min Grocery Fulfilment,Dark-store launch (Jun 27),H. Vasquez,Eng Lead,Quik,"Hard blocker — the card-network sandbox sandbox has been down for 4 days, so the dark-store routing integration is completely untestable. Dark-store launch (Jun 27) at risk.",blocker,critical
U0057,3,2026-04-02,Growth & Subscriptions,Careem Plus Revamp,Campaign go-live (Jun 9),O. Lindgren,Eng Lead,Growth,Demo of the A/B testing module to stakeholders went well; positive feedback. Tracking to plan.,on_track,low
U0042,3,2026-04-03,Careem Pay,Send & Request Money,KSA launch (Jun 12),M. Haddad,Backend Eng,Payments,"All green on the P2P transfer flow. Code review done, automated tests passing at 98% coverage.",on_track,low
U0047,3,2026-04-03,Careem Food,Restaurant Onboarding Portal,GA (Jun 23),F. El-Sayed,Fullstack Eng,Food,"Load testing on the document-verification step is showing latency spikes under peak traffic. Not blocked yet, but this is a real risk to GA (Jun 23).",risk,high
U0055,3,2026-04-03,Trust & Safety,PCI-DSS Compliance (Careem Pay),Audit window (Jun 25),E. Ramirez,GRC Analyst,Security & Compliance,"Heads up: the engineer who owns the access-review evidence is out on leave for 2 weeks. Bus-factor risk, no clear backup right now.",risk,high
U0058,3,2026-04-03,Growth & Subscriptions,Careem Plus Revamp,Campaign go-live (Jun 9),O. Lindgren,Eng Lead,Growth,"Wrapped the subscription engine ahead of schedule. QA sign-off received, nothing outstanding.",on_track,low
U0059,4,2026-04-06,Careem Pay,Wallet Top-up & Cards,GA across UAE (Jun 30),Z. Farouk,Program Manager,PMO,Reminder that the card-issuance module can't ship without the provisioned staging cluster from Cloud Infra — flagging so the dependency is visible at the program level.,dependency,medium
U0062,4,2026-04-06,Rides,Captain App 4.0,Public rollout (Jul 7),S. Rahman,Eng Lead,Captain,Reminder that the offline mode can't ship without the shared design-system components from Platform — flagging so the dependency is visible at the program level.,dependency,medium
U0069,4,2026-04-06,Quik,15-min Grocery Fulfilment,Dark-store launch (Jun 27),B. Kim,Backend Eng,Quik,"Wrapped the item-substitution logic ahead of schedule. QA sign-off received, nothing outstanding.",on_track,low
U0073,4,2026-04-06,Platform & Infrastructure,API Gateway Consolidation,Cutover (Jun 18),D. Costa,Platform Eng Lead,Cloud Infra,Reminder that the auth middleware can't ship without the routing & ETA service from Maps — flagging so the dependency is visible at the program level.,dependency,medium
U0076,4,2026-04-06,Captain Experience,Captain Earnings & Payouts,v1 (Jun 16),S. Rahman,Eng Lead,Captain,"Wrapped the payout-matching job ahead of schedule. QA sign-off received, nothing outstanding.",on_track,low
U0060,4,2026-04-07,Careem Pay,Wallet Top-up & Cards,GA across UAE (Jun 30),A. Khalil,Eng Lead,Payments,Cross-team dependency: GA across UAE (Jun 30) needs the shared rider-identity dataset from Data before we can integrate. Tracking their ETA.,dependency,medium
U0068,4,2026-04-07,Careem Food,Live Order Tracking,v2 ship (Jun 16),F. El-Sayed,Fullstack Eng,Food,Demo of the courier GPS pipeline to stakeholders went well; positive feedback. Tracking to plan.,on_track,low
U0077,4,2026-04-07,Captain Experience,Captain Earnings & Payouts,v1 (Jun 16),Z. Farouk,Program Manager,PMO,Demo of the earnings ledger to stakeholders went well; positive feedback. Tracking to plan.,on_track,low
U0066,4,2026-04-08,Careem Food,Restaurant Onboarding Portal,GA (Jun 23),C. Nakamura,Eng Lead,Food,Good week. the restaurant dashboard is feature-complete and we even cleared some tech debt. Confident on GA (Jun 23).,on_track,low
U0067,4,2026-04-08,Careem Food,Restaurant Onboarding Portal,GA (Jun 23),C. Nakamura,Eng Lead,Food,"Load testing on the restaurant dashboard is showing latency spikes under peak traffic. Not blocked yet, but this is a real risk to GA (Jun 23).",risk,high
U0070,4,2026-04-08,Quik,15-min Grocery Fulfilment,Dark-store launch (Jun 27),B. Kim,Backend Eng,Quik,Reminder that the item-substitution logic can't ship without the provisioned staging cluster from Cloud Infra — flagging so the dependency is visible at the program level.,dependency,medium
U0075,4,2026-04-08,Trust & Safety,PCI-DSS Compliance (Careem Pay),Audit window (Jun 25),Y. Fontaine,Program Manager,PMO,Scope for the network-segmentation controls grew after the stakeholder review — three new requirements added. Risk of overrunning Audit window (Jun 25).,risk,medium
U0078,4,2026-04-08,Captain Experience,Captain Earnings & Payouts,v1 (Jun 16),W. Achebe,QA Lead,Quality,"All green on the payout-matching job. Code review done, automated tests passing at 98% coverage.",on_track,low
U0061,4,2026-04-09,Careem Pay,Send & Request Money,KSA launch (Jun 12),Z. Farouk,Program Manager,PMO,"All green on the fraud-screening service. Code review done, automated tests passing at 98% coverage.",on_track,low
U0071,4,2026-04-09,Platform & Infrastructure,Super-App Kubernetes Migration,Prod migration (Jul 1),Z. Farouk,Program Manager,PMO,Estimate for the blue-green deploy pipeline was optimistic. Realistically I think we're trending behind on Prod migration (Jul 1) — flagging early.,risk,high
U0072,4,2026-04-09,Platform & Infrastructure,Super-App Kubernetes Migration,Prod migration (Jul 1),N. Yusuf,SRE,Cloud Infra,Good week. the blue-green deploy pipeline is feature-complete and we even cleared some tech debt. Confident on Prod migration (Jul 1).,on_track,low
U0074,4,2026-04-09,Platform & Infrastructure,API Gateway Consolidation,Cutover (Jun 18),N. Yusuf,SRE,Cloud Infra,Good week. the auth middleware is feature-complete and we even cleared some tech debt. Confident on Cutover (Jun 18).,on_track,low
U0080,4,2026-04-09,Growth & Subscriptions,Careem Plus Revamp,Campaign go-live (Jun 9),O. Lindgren,Eng Lead,Growth,"All green on the billing integration. Code review done, automated tests passing at 98% coverage.",on_track,low
U0063,4,2026-04-10,Rides,Captain App 4.0,Public rollout (Jul 7),L. Mansour,Product Manager,Captain,"Load testing on the navigation shell is showing latency spikes under peak traffic. Not blocked yet, but this is a real risk to Public rollout (Jul 7).",risk,high
U0064,4,2026-04-10,Rides,Surge Pricing Engine v2,Eid readiness (Jun 20),K. Aziz,ML Eng,Rides,Good week. the demand-prediction model is feature-complete and we even cleared some tech debt. Confident on Eid readiness (Jun 20).,on_track,low
U0065,4,2026-04-10,Rides,Surge Pricing Engine v2,Eid readiness (Jun 20),Y. Fontaine,Program Manager,PMO,We're seeing flaky test failures around the price-cap rules that we can't reproduce locally. Worried it masks a deeper issue before Eid readiness (Jun 20).,risk,medium
U0079,4,2026-04-10,Growth & Subscriptions,Careem Plus Revamp,Campaign go-live (Jun 9),W. Achebe,QA Lead,Quality,Demo of the subscription engine to stakeholders went well; positive feedback. Tracking to plan.,on_track,low
U0082,5,2026-04-13,Careem Pay,Wallet Top-up & Cards,GA across UAE (Jun 30),M. Haddad,Backend Eng,Payments,We are stuck on the refunds flow. The upstream the shared rider-identity dataset from Data never arrived and our work is fully serialized behind it.,blocker,high
U0083,5,2026-04-13,Careem Pay,Wallet Top-up & Cards,GA across UAE (Jun 30),M. Haddad,Backend Eng,Payments,"Security review of the bank top-up endpoint surfaced a few findings. None critical yet, but remediation could eat into the GA across UAE (Jun 30) buffer.",risk,medium
U0092,5,2026-04-13,Quik,15-min Grocery Fulfilment,Dark-store launch (Jun 27),H. Vasquez,Eng Lead,Quik,"Waiting on Data to finalize the shared rider-identity dataset before we can wire up the dark-store routing. Not blocked today, but it's on the critical path.",dependency,high
U0089,5,2026-04-14,Careem Food,Restaurant Onboarding Portal,GA (Jun 23),G. Oyelaran,Product Manager,Food,Estimate for the menu-upload flow was optimistic. Realistically I think we're trending behind on GA (Jun 23) — flagging early.,risk,high
U0093,5,2026-04-14,Quik,15-min Grocery Fulfilment,Dark-store launch (Jun 27),H. Vasquez,Eng Lead,Quik,Estimate for the dark-store routing was optimistic. Realistically I think we're trending behind on Dark-store launch (Jun 27) — flagging early.,risk,high
U0095,5,2026-04-14,Platform & Infrastructure,API Gateway Consolidation,Cutover (Jun 18),W. Achebe,QA Lead,Quality,"Sprint goals met — the canary routing merged and deployed to staging, no issues. Cutover (Jun 18) still on track.",on_track,low
U0090,5,2026-04-15,Careem Food,Live Order Tracking,v2 ship (Jun 16),Z. Farouk,Program Manager,PMO,Good week. the live-map rendering is feature-complete and we even cleared some tech debt. Confident on v2 ship (Jun 16).,on_track,low
U0094,5,2026-04-15,Platform & Infrastructure,Super-App Kubernetes Migration,Prod migration (Jul 1),D. Costa,Platform Eng Lead,Cloud Infra,"Waiting on Payments to finalize the Careem Pay API contract before we can wire up the secrets-management setup. Not blocked today, but it's on the critical path.",dependency,high
U0098,5,2026-04-15,Captain Experience,Captain Earnings & Payouts,v1 (Jun 16),L. Mansour,Product Manager,Captain,Demo of the payout-matching job to stakeholders went well; positive feedback. Tracking to plan.,on_track,low
U0087,5,2026-04-16,Rides,Surge Pricing Engine v2,Eid readiness (Jun 20),W. Achebe,QA Lead,Quality,Good week. the demand-prediction model is feature-complete and we even cleared some tech debt. Confident on Eid readiness (Jun 20).,on_track,low
U0091,5,2026-04-16,Careem Food,Live Order Tracking,v2 ship (Jun 16),F. El-Sayed,Fullstack Eng,Food,"Wrapped the ETA model ahead of schedule. QA sign-off received, nothing outstanding.",on_track,low
U0096,5,2026-04-16,Trust & Safety,PCI-DSS Compliance (Careem Pay),Audit window (Jun 25),E. Ramirez,GRC Analyst,Security & Compliance,We're seeing flaky test failures around the cardholder-data scoping that we can't reproduce locally. Worried it masks a deeper issue before Audit window (Jun 25).,risk,medium
U0097,5,2026-04-16,Trust & Safety,PCI-DSS Compliance (Careem Pay),Audit window (Jun 25),Y. Fontaine,Program Manager,PMO,"the cardholder-data scoping depends on the shared rider-identity dataset from Data, which has now slipped to an unknown date. Coordinating revised timelines.",dependency,medium
U0081,5,2026-04-17,Careem Pay,Wallet Top-up & Cards,GA across UAE (Jun 30),M. Haddad,Backend Eng,Payments,Demo of the refunds flow to stakeholders went well; positive feedback. Tracking to plan.,on_track,low
U0084,5,2026-04-17,Careem Pay,Send & Request Money,KSA launch (Jun 12),R. Sethi,Product Manager,Payments,Demo of the fraud-screening service to stakeholders went well; positive feedback. Tracking to plan.,on_track,low
U0085,5,2026-04-17,Careem Pay,Send & Request Money,KSA launch (Jun 12),R. Sethi,Product Manager,Payments,Critical blocker on the transaction-limits engine — a data-migration step is corrupting records and we've had to halt the rollout entirely.,blocker,critical
U0086,5,2026-04-17,Rides,Captain App 4.0,Public rollout (Jul 7),J. Park,Mobile Eng,Captain,"Heads up: the engineer who owns the navigation shell is out on leave for 2 weeks. Bus-factor risk, no clear backup right now.",risk,high
U0088,5,2026-04-17,Rides,Surge Pricing Engine v2,Eid readiness (Jun 20),K. Aziz,ML Eng,Rides,"Wrapped the price-cap rules ahead of schedule. QA sign-off received, nothing outstanding.",on_track,low
U0099,5,2026-04-17,Growth & Subscriptions,Careem Plus Revamp,Campaign go-live (Jun 9),V. Ibrahim,Growth PM,Growth,"All green on the A/B testing module. Code review done, automated tests passing at 98% coverage.",on_track,low
U0109,6,2026-04-20,Quik,15-min Grocery Fulfilment,Dark-store launch (Jun 27),B. Kim,Backend Eng,Quik,We're seeing flaky test failures around the dark-store routing that we can't reproduce locally. Worried it masks a deeper issue before Dark-store launch (Jun 27).,risk,medium
U0113,6,2026-04-20,Platform & Infrastructure,API Gateway Consolidation,Cutover (Jun 18),Y. Fontaine,Program Manager,PMO,"All green on the canary routing. Code review done, automated tests passing at 98% coverage.",on_track,low
U0114,6,2026-04-20,Platform & Infrastructure,API Gateway Consolidation,Cutover (Jun 18),N. Yusuf,SRE,Cloud Infra,"Wrapped the auth middleware ahead of schedule. QA sign-off received, nothing outstanding.",on_track,low
U0118,6,2026-04-20,Growth & Subscriptions,Careem Plus Revamp,Campaign go-live (Jun 9),W. Achebe,QA Lead,Quality,Demo of the A/B testing module to stakeholders went well; positive feedback. Tracking to plan.,on_track,low
U0101,6,2026-04-21,Careem Pay,Wallet Top-up & Cards,GA across UAE (Jun 30),A. Khalil,Eng Lead,Payments,"Hard blocker — the SMS OTP provider sandbox has been down for 4 days, so the tokenization service integration is completely untestable. GA across UAE (Jun 30) at risk.",blocker,critical
U0104,6,2026-04-21,Rides,Surge Pricing Engine v2,Eid readiness (Jun 20),T. Okeke,Data Eng Lead,Rides,Good week. the zone heatmap is feature-complete and we even cleared some tech debt. Confident on Eid readiness (Jun 20).,on_track,low
U0102,6,2026-04-22,Careem Pay,Send & Request Money,KSA launch (Jun 12),M. Haddad,Backend Eng,Payments,Reminder that the IBAN-linking step can't ship without the Careem Pay API contract from Payments — flagging so the dependency is visible at the program level.,dependency,medium
U0103,6,2026-04-22,Rides,Captain App 4.0,Public rollout (Jul 7),S. Rahman,Eng Lead,Captain,Good week. the earnings dashboard is feature-complete and we even cleared some tech debt. Confident on Public rollout (Jul 7).,on_track,low
U0110,6,2026-04-22,Quik,15-min Grocery Fulfilment,Dark-store launch (Jun 27),H. Vasquez,Eng Lead,Quik,Scope for the item-substitution logic grew after the stakeholder review — three new requirements added. Risk of overrunning Dark-store launch (Jun 27).,risk,medium
U0111,6,2026-04-22,Platform & Infrastructure,Super-App Kubernetes Migration,Prod migration (Jul 1),N. Yusuf,SRE,Cloud Infra,Reminder that the blue-green deploy pipeline can't ship without the routing & ETA service from Maps — flagging so the dependency is visible at the program level.,dependency,medium
U0105,6,2026-04-23,Rides,Surge Pricing Engine v2,Eid readiness (Jun 20),Y. Fontaine,Program Manager,PMO,Cross-team dependency: Eid readiness (Jun 20) needs the Careem Pay API contract from Payments before we can integrate. Tracking their ETA.,dependency,medium
U0106,6,2026-04-23,Careem Food,Restaurant Onboarding Portal,GA (Jun 23),C. Nakamura,Eng Lead,Food,Reminder that the restaurant dashboard can't ship without the shared rider-identity dataset from Data — flagging so the dependency is visible at the program level.,dependency,medium
U0108,6,2026-04-23,Careem Food,Live Order Tracking,v2 ship (Jun 16),C. Nakamura,Eng Lead,Food,"Wrapped the courier GPS pipeline ahead of schedule. QA sign-off received, nothing outstanding.",on_track,low
U0116,6,2026-04-23,Captain Experience,Captain Earnings & Payouts,v1 (Jun 16),W. Achebe,QA Lead,Quality,Good week. the payout-matching job is feature-complete and we even cleared some tech debt. Confident on v1 (Jun 16).,on_track,low
U0117,6,2026-04-23,Captain Experience,Captain Earnings & Payouts,v1 (Jun 16),J. Park,Mobile Eng,Captain,Estimate for the instant-cashout flow was optimistic. Realistically I think we're trending behind on v1 (Jun 16) — flagging early.,risk,high
U0100,6,2026-04-24,Careem Pay,Wallet Top-up & Cards,GA across UAE (Jun 30),A. Khalil,Eng Lead,Payments,"the bank top-up endpoint is blocked: production access was not granted by Security. Raised a ticket last week, no movement yet.",blocker,high
U0107,6,2026-04-24,Careem Food,Live Order Tracking,v2 ship (Jun 16),G. Oyelaran,Product Manager,Food,"Sprint goals met — the courier GPS pipeline merged and deployed to staging, no issues. v2 ship (Jun 16) still on track.",on_track,low
U0112,6,2026-04-24,Platform & Infrastructure,Super-App Kubernetes Migration,Prod migration (Jul 1),Z. Farouk,Program Manager,PMO,"All green on the blue-green deploy pipeline. Code review done, automated tests passing at 98% coverage.",on_track,low
U0115,6,2026-04-24,Trust & Safety,PCI-DSS Compliance (Careem Pay),Audit window (Jun 25),P. Haddadin,Security Lead,Security & Compliance,"Load testing on the access-review evidence is showing latency spikes under peak traffic. Not blocked yet, but this is a real risk to Audit window (Jun 25).",risk,high
U0124,7,2026-04-28,Rides,Captain App 4.0,Public rollout (Jul 7),W. Achebe,QA Lead,Quality,We're seeing flaky test failures around the trip-acceptance flow that we can't reproduce locally. Worried it masks a deeper issue before Public rollout (Jul 7).,risk,medium
U0130,7,2026-04-28,Quik,15-min Grocery Fulfilment,Dark-store launch (Jun 27),H. Vasquez,Eng Lead,Quik,"Heads up: the engineer who owns the picker app is out on leave for 3 weeks. Bus-factor risk, no clear backup right now.",risk,high
U0134,7,2026-04-28,Platform & Infrastructure,API Gateway Consolidation,Cutover (Jun 18),N. Yusuf,SRE,Cloud Infra,"Wrapped the legacy-route shim ahead of schedule. QA sign-off received, nothing outstanding.",on_track,low
U0119,7,2026-04-29,Careem Pay,Wallet Top-up & Cards,GA across UAE (Jun 30),Y. Fontaine,Program Manager,PMO,"the card-issuance module is blocked: production access was not granted by Security. Raised a ticket last week, no movement yet.",blocker,high
U0123,7,2026-04-29,Rides,Captain App 4.0,Public rollout (Jul 7),L. Mansour,Product Manager,Captain,Cross-team dependency: Public rollout (Jul 7) needs the provisioned staging cluster from Cloud Infra before we can integrate. Tracking their ETA.,dependency,medium
U0125,7,2026-04-29,Rides,Surge Pricing Engine v2,Eid readiness (Jun 20),K. Aziz,ML Eng,Rides,"Sprint goals met — the zone heatmap merged and deployed to staging, no issues. Eid readiness (Jun 20) still on track.",on_track,low
U0126,7,2026-04-29,Rides,Surge Pricing Engine v2,Eid readiness (Jun 20),W. Achebe,QA Lead,Quality,"Sprint goals met — the surge-notification service merged and deployed to staging, no issues. Eid readiness (Jun 20) still on track.",on_track,low
U0127,7,2026-04-29,Careem Food,Restaurant Onboarding Portal,GA (Jun 23),C. Nakamura,Eng Lead,Food,"Slightly concerned about GA (Jun 23) — the restaurant dashboard is taking longer than estimated, could slip ~3 week(s) if the current pace holds.",risk,medium
U0129,7,2026-04-29,Careem Food,Live Order Tracking,v2 ship (Jun 16),C. Nakamura,Eng Lead,Food,"Sprint goals met — the courier GPS pipeline merged and deployed to staging, no issues. v2 ship (Jun 16) still on track.",on_track,low
U0135,7,2026-04-29,Platform & Infrastructure,API Gateway Consolidation,Cutover (Jun 18),N. Yusuf,SRE,Cloud Infra,Critical blocker on the legacy-route shim — a data-migration step is corrupting records and we've had to halt the rollout entirely.,blocker,critical
U0137,7,2026-04-29,Captain Experience,Captain Earnings & Payouts,v1 (Jun 16),L. Mansour,Product Manager,Captain,Cross-team dependency: v1 (Jun 16) needs production access sign-off from Security & Compliance before we can integrate. Tracking their ETA.,dependency,medium
U0138,7,2026-04-29,Captain Experience,Captain Earnings & Payouts,v1 (Jun 16),W. Achebe,QA Lead,Quality,"Sprint goals met — the earnings ledger merged and deployed to staging, no issues. v1 (Jun 16) still on track.",on_track,low
U0139,7,2026-04-29,Growth & Subscriptions,Careem Plus Revamp,Campaign go-live (Jun 9),O. Lindgren,Eng Lead,Growth,Demo of the billing integration to stakeholders went well; positive feedback. Tracking to plan.,on_track,low
U0122,7,2026-04-30,Careem Pay,Send & Request Money,KSA launch (Jun 12),M. Haddad,Backend Eng,Payments,"Sprint goals met — the fraud-screening service merged and deployed to staging, no issues. KSA launch (Jun 12) still on track.",on_track,low
U0128,7,2026-04-30,Careem Food,Restaurant Onboarding Portal,GA (Jun 23),Z. Farouk,Program Manager,PMO,"Blocked: legal has not signed off on the the maps & geocoding provider contract, so we can't even start the the menu-upload flow integration. Slipping GA (Jun 23).",blocker,critical
U0132,7,2026-04-30,Platform & Infrastructure,Super-App Kubernetes Migration,Prod migration (Jul 1),D. Costa,Platform Eng Lead,Cloud Infra,Good week. the secrets-management setup is feature-complete and we even cleared some tech debt. Confident on Prod migration (Jul 1).,on_track,low
U0120,7,2026-05-01,Careem Pay,Send & Request Money,KSA launch (Jun 12),R. Sethi,Product Manager,Payments,Reminder that the fraud-screening service can't ship without production access sign-off from Security & Compliance — flagging so the dependency is visible at the program level.,dependency,medium
U0121,7,2026-05-01,Careem Pay,Send & Request Money,KSA launch (Jun 12),W. Achebe,QA Lead,Quality,Demo of the transaction-limits engine to stakeholders went well; positive feedback. Tracking to plan.,on_track,low
U0131,7,2026-05-01,Quik,15-min Grocery Fulfilment,Dark-store launch (Jun 27),B. Kim,Backend Eng,Quik,"All green on the item-substitution logic. Code review done, automated tests passing at 98% coverage.",on_track,low
U0133,7,2026-05-01,Platform & Infrastructure,API Gateway Consolidation,Cutover (Jun 18),N. Yusuf,SRE,Cloud Infra,"Sprint goals met — the auth middleware merged and deployed to staging, no issues. Cutover (Jun 18) still on track.",on_track,low
U0136,7,2026-05-01,Trust & Safety,PCI-DSS Compliance (Careem Pay),Audit window (Jun 25),W. Achebe,QA Lead,Quality,We are stuck on the incident-response runbook. The upstream the Careem Pay API contract from Payments never arrived and our work is fully serialized behind it.,blocker,high
U0140,7,2026-05-01,Growth & Subscriptions,Careem Plus Revamp,Campaign go-live (Jun 9),O. Lindgren,Eng Lead,Growth,Demo of the benefits catalog to stakeholders went well; positive feedback. Tracking to plan.,on_track,low
U0141,8,2026-05-04,Careem Pay,Wallet Top-up & Cards,GA across UAE (Jun 30),Y. Fontaine,Program Manager,PMO,"Waiting on Data to finalize the shared rider-identity dataset before we can wire up the Emirates ID / KYC flow. Not blocked today, but it's on the critical path.",dependency,high
U0146,8,2026-05-04,Rides,Captain App 4.0,Public rollout (Jul 7),J. Park,Mobile Eng,Captain,"Sprint goals met — the navigation shell merged and deployed to staging, no issues. Public rollout (Jul 7) still on track.",on_track,low
U0154,8,2026-05-04,Quik,15-min Grocery Fulfilment,Dark-store launch (Jun 27),H. Vasquez,Eng Lead,Quik,Demo of the picker app to stakeholders went well; positive feedback. Tracking to plan.,on_track,low
U0158,8,2026-05-04,Trust & Safety,PCI-DSS Compliance (Careem Pay),Audit window (Jun 25),P. Haddadin,Security Lead,Security & Compliance,Critical blocker on the cardholder-data scoping — a data-migration step is corrupting records and we've had to halt the rollout entirely.,blocker,critical
U0159,8,2026-05-04,Trust & Safety,PCI-DSS Compliance (Careem Pay),Audit window (Jun 25),E. Ramirez,GRC Analyst,Security & Compliance,BLOCKED on the incident-response runbook: still waiting on Platform for the shared design-system components. We cannot proceed until this lands — escalating to the PMO.,blocker,high
U0152,8,2026-05-05,Careem Food,Live Order Tracking,v2 ship (Jun 16),Z. Farouk,Program Manager,PMO,"Sprint goals met — the courier GPS pipeline merged and deployed to staging, no issues. v2 ship (Jun 16) still on track.",on_track,low
U0143,8,2026-05-06,Careem Pay,Send & Request Money,KSA launch (Jun 12),M. Haddad,Backend Eng,Payments,We're seeing flaky test failures around the P2P transfer flow that we can't reproduce locally. Worried it masks a deeper issue before KSA launch (Jun 12).,risk,medium
U0144,8,2026-05-06,Careem Pay,Send & Request Money,KSA launch (Jun 12),R. Sethi,Product Manager,Payments,Reminder that the transaction-limits engine can't ship without the Careem Pay API contract from Payments — flagging so the dependency is visible at the program level.,dependency,medium
U0164,8,2026-05-06,Growth & Subscriptions,Careem Plus Revamp,Campaign go-live (Jun 9),O. Lindgren,Eng Lead,Growth,"Wrapped the subscription engine ahead of schedule. QA sign-off received, nothing outstanding.",on_track,low
U0145,8,2026-05-07,Rides,Captain App 4.0,Public rollout (Jul 7),W. Achebe,QA Lead,Quality,Good week. the navigation shell is feature-complete and we even cleared some tech debt. Confident on Public rollout (Jul 7).,on_track,low
U0149,8,2026-05-07,Rides,Surge Pricing Engine v2,Eid readiness (Jun 20),T. Okeke,Data Eng Lead,Rides,"Sprint goals met — the price-cap rules merged and deployed to staging, no issues. Eid readiness (Jun 20) still on track.",on_track,low
U0151,8,2026-05-07,Careem Food,Restaurant Onboarding Portal,GA (Jun 23),C. Nakamura,Eng Lead,Food,"Heads up: the engineer who owns the commission-setup screen is out on leave for 1 weeks. Bus-factor risk, no clear backup right now.",risk,high
U0157,8,2026-05-07,Platform & Infrastructure,API Gateway Consolidation,Cutover (Jun 18),D. Costa,Platform Eng Lead,Cloud Infra,"Wrapped the legacy-route shim ahead of schedule. QA sign-off received, nothing outstanding.",on_track,low
U0161,8,2026-05-07,Captain Experience,Captain Earnings & Payouts,v1 (Jun 16),W. Achebe,QA Lead,Quality,Good week. the instant-cashout flow is feature-complete and we even cleared some tech debt. Confident on v1 (Jun 16).,on_track,low
U0163,8,2026-05-07,Growth & Subscriptions,Careem Plus Revamp,Campaign go-live (Jun 9),O. Lindgren,Eng Lead,Growth,Demo of the A/B testing module to stakeholders went well; positive feedback. Tracking to plan.,on_track,low
U0142,8,2026-05-08,Careem Pay,Wallet Top-up & Cards,GA across UAE (Jun 30),W. Achebe,QA Lead,Quality,"Security review of the tokenization service surfaced a few findings. None critical yet, but remediation could eat into the GA across UAE (Jun 30) buffer.",risk,medium
U0147,8,2026-05-08,Rides,Captain App 4.0,Public rollout (Jul 7),J. Park,Mobile Eng,Captain,Demo of the in-app chat to stakeholders went well; positive feedback. Tracking to plan.,on_track,low
U0148,8,2026-05-08,Rides,Surge Pricing Engine v2,Eid readiness (Jun 20),K. Aziz,ML Eng,Rides,Good week. the zone heatmap is feature-complete and we even cleared some tech debt. Confident on Eid readiness (Jun 20).,on_track,low
U0150,8,2026-05-08,Careem Food,Restaurant Onboarding Portal,GA (Jun 23),W. Achebe,QA Lead,Quality,"Sprint goals met — the commission-setup screen merged and deployed to staging, no issues. GA (Jun 23) still on track.",on_track,low
U0153,8,2026-05-08,Quik,15-min Grocery Fulfilment,Dark-store launch (Jun 27),H. Vasquez,Eng Lead,Quik,Cross-team dependency: Dark-store launch (Jun 27) needs the routing & ETA service from Maps before we can integrate. Tracking their ETA.,dependency,medium
U0155,8,2026-05-08,Platform & Infrastructure,Super-App Kubernetes Migration,Prod migration (Jul 1),Z. Farouk,Program Manager,PMO,"Wrapped the service-mesh config ahead of schedule. QA sign-off received, nothing outstanding.",on_track,low
U0156,8,2026-05-08,Platform & Infrastructure,Super-App Kubernetes Migration,Prod migration (Jul 1),N. Yusuf,SRE,Cloud Infra,"Wrapped the autoscaling policies ahead of schedule. QA sign-off received, nothing outstanding.",on_track,low
U0160,8,2026-05-08,Captain Experience,Captain Earnings & Payouts,v1 (Jun 16),L. Mansour,Product Manager,Captain,"Sprint goals met — the earnings ledger merged and deployed to staging, no issues. v1 (Jun 16) still on track.",on_track,low
U0162,8,2026-05-08,Captain Experience,Captain Earnings & Payouts,v1 (Jun 16),Z. Farouk,Program Manager,PMO,"Sprint goals met — the bank-statement importer merged and deployed to staging, no issues. v1 (Jun 16) still on track.",on_track,low
U0167,9,2026-05-11,Careem Pay,Wallet Top-up & Cards,GA across UAE (Jun 30),W. Achebe,QA Lead,Quality,Scope for the tokenization service grew after the stakeholder review — three new requirements added. Risk of overrunning GA across UAE (Jun 30).,risk,medium
U0168,9,2026-05-11,Careem Pay,Send & Request Money,KSA launch (Jun 12),A. Khalil,Eng Lead,Payments,Cross-team dependency: KSA launch (Jun 12) needs the Careem Pay API contract from Payments before we can integrate. Tracking their ETA.,dependency,medium
U0170,9,2026-05-11,Careem Pay,Send & Request Money,KSA launch (Jun 12),Y. Fontaine,Program Manager,PMO,Estimate for the P2P transfer flow was optimistic. Realistically I think we're trending behind on KSA launch (Jun 12) — flagging early.,risk,high
U0174,9,2026-05-11,Careem Food,Restaurant Onboarding Portal,GA (Jun 23),G. Oyelaran,Product Manager,Food,"Security review of the document-verification step surfaced a few findings. None critical yet, but remediation could eat into the GA (Jun 23) buffer.",risk,medium
U0177,9,2026-05-11,Quik,15-min Grocery Fulfilment,Dark-store launch (Jun 27),W. Achebe,QA Lead,Quality,"Heads up: the engineer who owns the inventory-sync job is out on leave for 1 weeks. Bus-factor risk, no clear backup right now.",risk,high
U0179,9,2026-05-11,Platform & Infrastructure,Super-App Kubernetes Migration,Prod migration (Jul 1),Y. Fontaine,Program Manager,PMO,"All green on the blue-green deploy pipeline. Code review done, automated tests passing at 98% coverage.",on_track,low
U0183,9,2026-05-11,Trust & Safety,PCI-DSS Compliance (Careem Pay),Audit window (Jun 25),P. Haddadin,Security Lead,Security & Compliance,"Waiting on Cloud Infra to finalize the provisioned staging cluster before we can wire up the cardholder-data scoping. Not blocked today, but it's on the critical path.",dependency,high
U0182,9,2026-05-12,Platform & Infrastructure,API Gateway Consolidation,Cutover (Jun 18),D. Costa,Platform Eng Lead,Cloud Infra,"Wrapped the legacy-route shim ahead of schedule. QA sign-off received, nothing outstanding.",on_track,low
U0175,9,2026-05-13,Careem Food,Restaurant Onboarding Portal,GA (Jun 23),F. El-Sayed,Fullstack Eng,Food,Good week. the restaurant dashboard is feature-complete and we even cleared some tech debt. Confident on GA (Jun 23).,on_track,low
U0180,9,2026-05-13,Platform & Infrastructure,Super-App Kubernetes Migration,Prod migration (Jul 1),D. Costa,Platform Eng Lead,Cloud Infra,Good week. the service-mesh config is feature-complete and we even cleared some tech debt. Confident on Prod migration (Jul 1).,on_track,low
U0181,9,2026-05-13,Platform & Infrastructure,API Gateway Consolidation,Cutover (Jun 18),D. Costa,Platform Eng Lead,Cloud Infra,"Wrapped the legacy-route shim ahead of schedule. QA sign-off received, nothing outstanding.",on_track,low
U0184,9,2026-05-13,Trust & Safety,PCI-DSS Compliance (Careem Pay),Audit window (Jun 25),E. Ramirez,GRC Analyst,Security & Compliance,We're seeing flaky test failures around the cardholder-data scoping that we can't reproduce locally. Worried it masks a deeper issue before Audit window (Jun 25).,risk,medium
U0187,9,2026-05-13,Growth & Subscriptions,Careem Plus Revamp,Campaign go-live (Jun 9),O. Lindgren,Eng Lead,Growth,"All green on the A/B testing module. Code review done, automated tests passing at 98% coverage.",on_track,low
U0188,9,2026-05-13,Growth & Subscriptions,Careem Plus Revamp,Campaign go-live (Jun 9),O. Lindgren,Eng Lead,Growth,Good week. the subscription engine is feature-complete and we even cleared some tech debt. Confident on Campaign go-live (Jun 9).,on_track,low
U0165,9,2026-05-14,Careem Pay,Wallet Top-up & Cards,GA across UAE (Jun 30),Z. Farouk,Program Manager,PMO,"Slightly concerned about GA across UAE (Jun 30) — the card-issuance module is taking longer than estimated, could slip ~1 week(s) if the current pace holds.",risk,medium
U0169,9,2026-05-14,Careem Pay,Send & Request Money,KSA launch (Jun 12),Z. Farouk,Program Manager,PMO,"Sprint goals met — the transaction-limits engine merged and deployed to staging, no issues. KSA launch (Jun 12) still on track.",on_track,low
U0172,9,2026-05-14,Rides,Surge Pricing Engine v2,Eid readiness (Jun 20),Z. Farouk,Program Manager,PMO,"Sprint goals met — the demand-prediction model merged and deployed to staging, no issues. Eid readiness (Jun 20) still on track.",on_track,low
U0178,9,2026-05-14,Quik,15-min Grocery Fulfilment,Dark-store launch (Jun 27),H. Vasquez,Eng Lead,Quik,"Waiting on Security & Compliance to finalize production access sign-off before we can wire up the picker app. Not blocked today, but it's on the critical path.",dependency,high
U0186,9,2026-05-14,Captain Experience,Captain Earnings & Payouts,v1 (Jun 16),W. Achebe,QA Lead,Quality,Demo of the payout-matching job to stakeholders went well; positive feedback. Tracking to plan.,on_track,low
U0166,9,2026-05-15,Careem Pay,Wallet Top-up & Cards,GA across UAE (Jun 30),R. Sethi,Product Manager,Payments,Demo of the bank top-up endpoint to stakeholders went well; positive feedback. Tracking to plan.,on_track,low
U0171,9,2026-05-15,Rides,Captain App 4.0,Public rollout (Jul 7),S. Rahman,Eng Lead,Captain,"the earnings dashboard depends on the shared rider-identity dataset from Data, which has now slipped to late June. Coordinating revised timelines.",dependency,medium
U0173,9,2026-05-15,Rides,Surge Pricing Engine v2,Eid readiness (Jun 20),K. Aziz,ML Eng,Rides,Demo of the price-cap rules to stakeholders went well; positive feedback. Tracking to plan.,on_track,low
U0176,9,2026-05-15,Careem Food,Live Order Tracking,v2 ship (Jun 16),G. Oyelaran,Product Manager,Food,Good week. the push-notification service is feature-complete and we even cleared some tech debt. Confident on v2 ship (Jun 16).,on_track,low
U0185,9,2026-05-15,Captain Experience,Captain Earnings & Payouts,v1 (Jun 16),S. Rahman,Eng Lead,Captain,Cross-team dependency: v1 (Jun 16) needs production access sign-off from Security & Compliance before we can integrate. Tracking their ETA.,dependency,medium
U0207,10,2026-05-18,Growth & Subscriptions,Careem Plus Revamp,Campaign go-live (Jun 9),O. Lindgren,Eng Lead,Growth,"All green on the A/B testing module. Code review done, automated tests passing at 98% coverage.",on_track,low
U0193,10,2026-05-19,Rides,Captain App 4.0,Public rollout (Jul 7),L. Mansour,Product Manager,Captain,Good week. the trip-acceptance flow is feature-complete and we even cleared some tech debt. Confident on Public rollout (Jul 7).,on_track,low
U0203,10,2026-05-19,Platform & Infrastructure,API Gateway Consolidation,Cutover (Jun 18),N. Yusuf,SRE,Cloud Infra,Good week. the auth middleware is feature-complete and we even cleared some tech debt. Confident on Cutover (Jun 18).,on_track,low
U0189,10,2026-05-20,Careem Pay,Wallet Top-up & Cards,GA across UAE (Jun 30),M. Haddad,Backend Eng,Payments,Reminder that the tokenization service can't ship without the shared rider-identity dataset from Data — flagging so the dependency is visible at the program level.,dependency,medium
U0195,10,2026-05-20,Rides,Surge Pricing Engine v2,Eid readiness (Jun 20),K. Aziz,ML Eng,Rides,"Sprint goals met — the price-cap rules merged and deployed to staging, no issues. Eid readiness (Jun 20) still on track.",on_track,low
U0196,10,2026-05-20,Careem Food,Restaurant Onboarding Portal,GA (Jun 23),C. Nakamura,Eng Lead,Food,"Slightly concerned about GA (Jun 23) — the document-verification step is taking longer than estimated, could slip ~2 week(s) if the current pace holds.",risk,medium
U0197,10,2026-05-20,Careem Food,Live Order Tracking,v2 ship (Jun 16),C. Nakamura,Eng Lead,Food,Demo of the live-map rendering to stakeholders went well; positive feedback. Tracking to plan.,on_track,low
U0199,10,2026-05-20,Quik,15-min Grocery Fulfilment,Dark-store launch (Jun 27),H. Vasquez,Eng Lead,Quik,Scope for the inventory-sync job grew after the stakeholder review — three new requirements added. Risk of overrunning Dark-store launch (Jun 27).,risk,medium
U0205,10,2026-05-20,Trust & Safety,PCI-DSS Compliance (Careem Pay),Audit window (Jun 25),P. Haddadin,Security Lead,Security & Compliance,"Security review of the incident-response runbook surfaced a few findings. None critical yet, but remediation could eat into the Audit window (Jun 25) buffer.",risk,medium
U0206,10,2026-05-20,Captain Experience,Captain Earnings & Payouts,v1 (Jun 16),W. Achebe,QA Lead,Quality,"All green on the instant-cashout flow. Code review done, automated tests passing at 98% coverage.",on_track,low
U0190,10,2026-05-21,Careem Pay,Wallet Top-up & Cards,GA across UAE (Jun 30),M. Haddad,Backend Eng,Payments,"All green on the tokenization service. Code review done, automated tests passing at 98% coverage.",on_track,low
U0191,10,2026-05-21,Careem Pay,Send & Request Money,KSA launch (Jun 12),R. Sethi,Product Manager,Payments,"Blocked: legal has not signed off on the the maps & geocoding provider contract, so we can't even start the the P2P transfer flow integration. Slipping KSA launch (Jun 12).",blocker,critical
U0198,10,2026-05-21,Quik,15-min Grocery Fulfilment,Dark-store launch (Jun 27),Z. Farouk,Program Manager,PMO,Estimate for the dark-store routing was optimistic. Realistically I think we're trending behind on Dark-store launch (Jun 27) — flagging early.,risk,high
U0202,10,2026-05-21,Platform & Infrastructure,Super-App Kubernetes Migration,Prod migration (Jul 1),Z. Farouk,Program Manager,PMO,Demo of the autoscaling policies to stakeholders went well; positive feedback. Tracking to plan.,on_track,low
U0204,10,2026-05-21,Trust & Safety,PCI-DSS Compliance (Careem Pay),Audit window (Jun 25),E. Ramirez,GRC Analyst,Security & Compliance,Reminder that the incident-response runbook can't ship without production access sign-off from Security & Compliance — flagging so the dependency is visible at the program level.,dependency,medium
U0192,10,2026-05-22,Careem Pay,Send & Request Money,KSA launch (Jun 12),W. Achebe,QA Lead,Quality,"Waiting on Cloud Infra to finalize the provisioned staging cluster before we can wire up the P2P transfer flow. Not blocked today, but it's on the critical path.",dependency,high
U0194,10,2026-05-22,Rides,Captain App 4.0,Public rollout (Jul 7),J. Park,Mobile Eng,Captain,Good week. the earnings dashboard is feature-complete and we even cleared some tech debt. Confident on Public rollout (Jul 7).,on_track,low
U0200,10,2026-05-22,Platform & Infrastructure,Super-App Kubernetes Migration,Prod migration (Jul 1),D. Costa,Platform Eng Lead,Cloud Infra,"the autoscaling policies depends on production access sign-off from Security & Compliance, which has now slipped to the following sprint. Coordinating revised timelines.",dependency,medium
U0201,10,2026-05-22,Platform & Infrastructure,Super-App Kubernetes Migration,Prod migration (Jul 1),W. Achebe,QA Lead,Quality,Scope for the service-mesh config grew after the stakeholder review — three new requirements added. Risk of overrunning Prod migration (Jul 1).,risk,medium
